iteration,max_L,min_L,c_exact_avg,g_exact_avg_0,g_exact_avg_1,c_avg,g_avg_0,g_avg_1,c_pi_exact,g_pi_exact_0,g_pi_exact_1,c_pi,g_pi_0,g_pi_1,lambda_0,lambda_1,c_br_exact,g_br_exact_0,g_br_exact_1,c_br,g_br_0,g_br_1
0.0,0.0,0.0,6.1979346480397615,0.0,0.010271276094519374,-74.6003820610049,0.024111179821193218,199.90964353947356,6.1979346480397615,0.0,0.010271276094519374,-74.6003820610049,0.024111179821193218,199.90964353947356,1.0,1.0,0.0,0.0,0.0,0.0,0.0,0.0
