iteration,max_L,min_L,c_exact_avg,g_exact_avg_0,c_avg,g_avg_0,c_pi_exact,g_pi_exact_0,c_pi,g_pi_0,lambda_0,c_br_exact,g_br_exact_0,c_br,g_br_0
0.0,3.036187320947647,1.2690182477235794,-0.5314410000000002,0.0,-0.4981508255004883,0.21781127154827118,-0.5314410000000002,0.0,-0.4981508255004883,0.21781127154827118,15.0,-0.5314410000000002,0.0,-0.4981508255004883,0.21781127154827118
1.0,5.018736258149147,3.516180323359959,-0.5314410000000002,0.0,-0.570276141166687,0.2863004133105278,-0.5314410000000002,0.0,-0.6424014568328857,0.3547895550727844,29.917266261427027,0.0,0.0,0.32069557905197144,0.24228313565254211
2.0,5.535457521677017,3.620804503549819,-0.5314410000000002,0.0,-0.47269272804260254,0.300271674990654,-0.5314410000000002,0.0,-0.2775258421897888,0.32821419835090637,29.999999756669187,0.0,0.0,-0.10101810842752457,0.24903731048107147
3.0,6.5781052485108376,0.5049455544070882,-0.5314410000000002,0.0,-0.5063062906265259,0.3361470513045788,-0.5314410000000002,0.0,-0.6071468591690063,0.44377318024635315,29.999999999997307,0.0,0.0,-0.08021695166826248,0.12230948358774185
4.0,4.702396497130393,13.098518756392577,-0.4251528000000001,0.0,-0.4081733822822571,0.270352329313755,0.0,0.0,-0.015641730278730392,0.0071734413504600525,30.0,-0.5314410000000002,0.0,-0.5944840908050537,0.6074592471122742
