iteration,max_L,min_L,c_exact_avg,g_exact_avg_0,c_avg,g_avg_0,c_pi_exact,g_pi_exact_0,c_pi,g_pi_0,lambda_0,c_br_exact,g_br_exact_0,c_br,g_br_0
0.0,3.459990680217743,1.5184900909662247,0.0,0.0,-0.4230104982852936,0.22943337261676788,0.0,0.0,-0.4230104982852936,0.22943337261676788,15.0,0.0,0.0,-0.4230104982852936,0.22943337261676788
