iteration,max_L,min_L,c_exact_avg,g_exact_avg_0,g_exact_avg_1,c_avg,g_avg_0,g_avg_1,c_pi_exact,g_pi_exact_0,g_pi_exact_1,c_pi,g_pi_0,g_pi_1,lambda_0,lambda_1,c_br_exact,g_br_exact_0,g_br_exact_1,c_br,g_br_0,g_br_1
0.0,4.396286234259605,-99.02707970142365,0.0,0.0,0.0,-0.11266805231571198,0.15029847621917725,0.05826035887002945,0.0,0.0,0.0,-0.11266805231571198,0.15029847621917725,0.05826035887002945,10.0,10.0,0.0,0.0,0.0,-0.11266805231571198,0.15029847621917725,0.05826035887002945
1.0,-299.98843575268984,-46.908754353301596,0.0,0.0,0.0,0.01156424731016159,-0.012604065239429474,-0.07415403798222542,0.0,0.0,0.0,0.13579654693603516,-0.1755066066980362,-0.20656843483448029,29.997972143759892,0.0020278562401052666,0.0,0.0,0.0,-0.09198717772960663,0.16736121475696564,0.06724228709936142
